url,label
http://192.168.1.1?session=6947,0
https://www.microsoft.com/windows,0
https://www.redd1t.com,1
https://www.instagram.com/explore/,0
https://www.mlcrosoft.com,1
http://192.168.0.1,0
https://en.wikipedia.org/wiki/Machine_Learning#section2,0
http://apple.com-verify.top/verify/214,1
http://verify@paypal.com.tk/login.php?redirect=home,1
https://www.google.com/search?q=python?id=56&ref=search,0
https://www.reddit.com/r/programming/comments/abc#section262,0
http://appleid-locked.xyz?token=6573,1
http://urgent-action-required.cf?token=6155,1
https://my-account.service.com?id=221&ref=search,0
https://www.linked1n.com,1
https://docs.microsoft.com/en-us/azure,0
https://developer.apple.com/documentation?id=201&ref=search,0
https://www.github.com/trending,0
http://bank-verify.work?session=82357,1
http://urgent-action-required.cf?token=1520,1
https://www.123website.com,0
https://www.site-with-many-hyphens.org,0
http://facebook-security.ml,1
https://my-secure-site.com?session=9645,0
http://windows-security.tk?session=55082,1
http://claim-your-prize.xyz/verify/180,1
https://mail.google.com/mail/u/0//page/100,0
http://netflix-billing.cf/verify/510,1
http://netflix-billing.cf/verify/710,1
https://www.wikiped1a.com,1
https://www.netflix.com/browse/genre/83,0
http://192.168.1.1/admin/login.php?token=3803,1
https://developer.apple.com/documentation,0
https://www.google.com/search?q=python/page/0,0
https://www.paypal.com/myaccount/home/page/155,0
https://www.linkedin.com/in/username/category/item-288,0
https://github.com/user/repository/page/85,0
http://localhost:8080/test?session=9835,0
https://en.wikipedia.org/wiki/Machine_Learning?id=226&ref=search,0
https://www.arnaz0n.com/account/verify?token=38864,1
https://my-account.service.com/category/item-193,0
https://subdomain.subdomain.example.com?session=7932,0
https://micros0ft.com/login.php?redirect=home,1
https://www.google.com/search?q=python/category/item-168,0
http://192.168.1.1/admin/login.php?token=8527,1
http://amaz0n-account.ga?session=59797,1
http://google-security.xyz?session=86622,1
http://accounts-google.tk,1
http://facebook-security.ml,1
http://paypal.com-verify.tk/verify/691,1
https://mail.google.com/mail/u/0/?id=156&ref=search,0
http://amaz0n-account.ga?session=44718,1
https://www.instagram.com/explore/#section47,0
http://accounts-google.tk,1
https://subdomain.subdomain.example.com,0
https://www.arnaz0n.com/account/verify?token=25860,1
https://www.reddit.com/r/programming/comments/abc/category/item-38,0
http://accounts-google.tk,1
https://www.example-company.com?id=276&ref=search,0
http://secure-paypal.ml/login.php?redirect=home,1
https://www.yahoo.com/news,0
https://www.snapchat.com/discover,0
http://localhost:8080/test?session=2133,0
http://accounts-google.tk,1
https://www.paypal.com/myaccount/home/page/15,0
https://twitter.com/user/status/123456#section7,0
https://www.linkedin.com/in/username#section92,0
https://www.amazon.com/product/B08N5WRWNW?id=31&ref=search,0
http://amaz0n-account.ga?session=93748,1
https://www.micr0soft.com,1
https://www.instagram.com/explore/?id=131&ref=search,0
https://www.w1kipedia.com,1
http://windows-security.tk?session=83579,1
https://www.123website.com?session=4295,0
https://www.123website.com,0
http://secure-paypal.ml/login.php?redirect=home,1
https://www.facebok.com,1
https://www.netfIix.com/billing/verify?token=98039,1
https://www.app1e.com/id,1
https://www.netfIix.com/billing,1
http://apple.com-verify.top/verify/786,1
http://secure-banking.tk,1
https://developer.apple.com/documentation?id=61&ref=search,0
https://medium.com/@author/article-title-123/page/180,0
https://g00gle.com/verify/320,1
https://arnaz0n.com,1
https://www.linkedin.com/in/username/page/260,0
https://open.spotify.com/playlist/37i9dQZF1DX,0
https://www.netflix.com/browse/genre/83#section97,0
https://facebo0k.com?session=25014,1
https://www.facebook.com/profile.php?id=123?id=6&ref=search,0
https://secure-paypal-login.com,1
http://apple.com-verify.top/verify/328,1
https://www.tw1tter.com,1
https://www.dropbox.com/home#section157,0
http://microsoft-update.work/login.php?redirect=home,1
http://urgent-action-required.cf?token=9201,1
https://my-account.service.com,0
https://twitter.com/user/status/123456#section147,0
http://netflix-billing.cf/verify/482,1
https://mail.google.com/mail/u/0//category/item-128,0
https://developer.apple.com/documentation#section117,0
https://my-account.service.com?id=81&ref=search,0
http://winner-notification.top/login.php?redirect=home,1
https://secure-paypal-login.com,1
http://microsoft-update.work/login.php?redirect=home,1
http://amaz0n-account.ga?session=35203,1
http://accounts-google.tk,1
https://www.google.com/search,0
http://192.168.0.1#section272,0
http://facebook-security.ml,1
https://www.instagram.com/explore//page/75,0
https://bit.ly/3xYz#section77,0
https://arnaz0n.com,1
http://paypal.com-verify.tk/verify/246,1
https://www.arnaz0n.com/account,1
http://user@amazon-security.ml?session=42087,1
http://user@amazon-security.ml?session=65302,1
https://www.netflix.com/browse/genre/83#section237,0
https://developer.apple.com/documentation/page/145,0
https://goo.gl/maps/xyz/category/item-163,0
https://www.reddit.com/r/programming/comments/abc?id=66&ref=search,0
https://www.netfIix.com/billing,1
https://medium.com/@author/article-title-123,0
https://www.app1e.com/id,1
https://www.tumblr.com/dashboard,0
http://apple.com-verify.top/verify/742,1
http://paypal.com-verify.tk/verify/674,1
https://my-account.service.com#section137,0
https://goo.gl/maps/xyz#section247,0
https://www.site123.com,0
https://www.example-company.com#section52,0
https://accounts-google-verify.com,1
https://www.reddit.com/r/programming/comments/abc/category/item-178,0
http://urgent-action-required.cf?token=7201,1
https://t.co/AbC123?id=106&ref=search,0
http://bank-verify.work?session=46434,1
http://192.168.0.1/page/160,0
https://www.amazon.com/product/B08N5WRWNW/category/item-3,0
https://www.micros0ft.com/login,1
https://www.example-company.com/category/item-248,0
https://arnaz0n.com,1
http://192.168.1.1,0
https://twitter.com/user/status/123456/page/175,0
https://www.instagram.com/explore//category/item-243,0
http://netflix.payment-update.com/login.php?redirect=home,1
https://micros0ft.com/login.php?redirect=home,1
http://winner-notification.top/login.php?redirect=home,1
http://verify@paypal.com.tk/login.php?redirect=home,1
https://medium.com/@author/article-title-123#section12,0
https://t.co/AbC123?id=246&ref=search,0
https://open.spotify.com/playlist/37i9dQZF1DX?id=126&ref=search,0
http://secure-paypal.ml/login.php?redirect=home,1
https://drive.google.com/drive/my-drive,0
http://winner-notification.top/login.php?redirect=home,1
https://www.site123.com/category/item-138,0
https://www.facebook.com/profile.php?id=123/page/230,0
http://secure-banking.tk,1
https://www.youtube.com/trending,0
https://www.pinterest.com/explore,0
https://paypa1.com?token=8428,1
http://old-legacy-system.company.internal?session=1949,0
http://appleid-locked.xyz?token=5012,1
https://www.reddit.com/r/programming/comments/abc,0
http://facebook-security.ml,1
http://amazon-security.cf,1
http://netflix-billing.cf/verify/723,1
https://g00gle.com/verify/119,1
https://www.facebook.com/profile.php?id=123?id=146&ref=search,0
http://paypal-secure-login.tk?token=3664,1
https://g00gle.com/verify/750,1
https://accounts-google-verify.com,1
https://t.co/AbC123#section22,0
http://old-legacy-system.company.internal,0
https://paypa1.com?token=5803,1
http://netflix-billing.cf/verify/891,1
https://paypa1.com/signin,1
https://www.reddit.com/r/python,0
https://github.com/user/repository?id=281&ref=search,0
http://account-suspended.ga,1
https://www.linkedin.com/in/username/page/120,0
https://accounts-google-verify.com,1
https://www.l1nkedin.com,1
https://www.gooogle.com,1
http://verify@paypal.com.tk/login.php?redirect=home,1
https://www.example-company.com?id=136&ref=search,0
https://stackoverflow.com/questions/12345/how-to/page/95,0
http://192.168.0.1/category/item-188,0
http://windows-security.tk?session=30969,1
http://paypal-secure-login.tk?token=5889,1
https://twitter.com/user/status/123456/category/item-63,0
https://paypa1.com?token=1188,1
http://old-website.org/page/195,0
http://winner-notification.top/login.php?redirect=home,1
http://192.168.1.1/admin/login.php?token=2424,1
http://old-website.org#section27,0
https://www.netflix.com/browse/genre/83?id=41&ref=search,0
http://facebook-security.ml,1
https://www.netflix.com/browse/genre/83/page/125,0
https://www.example-company.com/page/220,0
https://www.facebo0k.com/security,1
http://192.168.1.1/admin/login.php?token=1106,1
https://www.wikip3dia.com,1
http://user@amazon-security.ml?session=88104,1
https://goo.gl/maps/xyz/page/135,0
https://g00gle.com/verify/505,1
https://www.amazon.com/product/B08N5WRWNW#section227,0
https://www.instagram.com/explore/,0
https://www.paypal.com/myaccount/home?id=211&ref=search,0
https://www.google.com/search?q=python/category/item-28,0
http://192.168.0.1/phpmyadmin/verify/975,1
https://www.site123.com#section222,0
https://developer.apple.com/documentation,0
http://user@amazon-security.ml?session=62350,1
https://t.co/AbC123,0
https://facebo0k.com?session=94259,1
https://bit.ly/3xYz#section217,0
https://t.co/AbC123XyZ,0
http://accounts-google.tk,1
https://docs.microsoft.com/en-us/azure#section172,0
https://t.co/AbC123XyZ,0
https://www.facebook.com/profile.php?id=123/category/item-118,0
https://www.example-company.com#section192,0
https://www.micros0ft.com/login/verify?token=58944,1
https://arnaz0n.com,1
https://github.com/user/repository/page/225,0
http://netflix.payment-update.com/login.php?redirect=home,1
http://winner-notification.top/login.php?redirect=home,1
http://10.0.0.1/admin,0
http://netflix.payment-update.com/login.php?redirect=home,1
http://user@amazon-security.ml?session=26361,1
http://appleid-locked.xyz?token=3504,1
https://www.youtube.com/watch?v=dQw4w9WgXcQ,0
https://www.example-company.com,0
https://www.amazon.com/deals,0
http://amaz0n-account.ga?session=46048,1
https://twitter.com/user/status/123456,0
http://192.168.0.1/page/20,0
https://my-account.service.com/page/165,0
http://facebook-security.ml,1
https://t.co/AbC123/page/190,0
https://www.amazon.com/product/B08N5WRWNW/category/item-143,0
https://www.instagram.com/explore/,0
https://www.reddit.com/r/programming/comments/abc/page/10,0
http://verify@paypal.com.tk/login.php?redirect=home,1
https://www.goog1e.com,1
https://bit.ly/3xYz/category/item-133,0
http://fb-verify-account.ga?token=5333,1
https://www.netfIix.com/billing/verify?token=54313,1
https://drive.google.com/drive/my-drive/category/item-298,0
https://www.linkedin.com/in/username#section232,0
https://medium.com/@author/article-title-123?id=96&ref=search,0
http://account-suspended.ga,1
https://my-secure-site.com?session=2290,0
http://secure-paypal.ml/login.php?redirect=home,1
https://www.instagram.com/explore//category/item-103,0
https://www.dropbox.com/home/category/item-73,0
http://paypal.com-verify.tk/verify/125,1
http://urgent-action-required.cf?token=8668,1
https://www.youtube.com/watch?v=dQw4w9WgXcQ,0
https://docs.microsoft.com/en-us/azure?id=116&ref=search,0
https://www.twitter.com/home,0
http://urgent-action-required.cf?token=3677,1
https://g00gle.com/verify/605,1
https://www.app1e.com/id,1
https://g00gle.com/accounts,1
http://apple.com-verify.top/verify/723,1
https://goo.gl/maps/xyz,0
https://g00gle.com/accounts/verify?token=69177,1
https://www.linkedin.com/in/username/category/item-148,0
http://apple.com-verify.top/verify/334,1
https://developer.apple.com/documentation/category/item-173,0
https://medium.com/@author/article-title-123/category/item-208,0
http://amazon-security.cf,1
http://amazon-security.cf,1
https://www.netflix.com/browse/genre/83,0
https://www.google.com/search?q=python/page/280,0
https://paypa1.com/signin/verify?token=50857,1
https://arnaz0n.com,1
https://secure-paypal-login.com,1
https://www.paypal.com/myaccount/home?id=71&ref=search,0
https://open.spotify.com/playlist/37i9dQZF1DX/category/item-98,0
https://www.paypal.com/myaccount/home/page/295,0
https://facebo0k.com?session=83000,1
https://www.micros0ft.com/login,1
https://bit.ly/3xYz,0
http://old-legacy-system.company.internal?session=3705,0
https://www.micros0ft.com/login/verify?token=87110,1
http://amazon-security.cf,1
https://www.dropbox.com/home#section17,0
https://www.linkedin.com/in/username,0
http://fb-verify-account.ga?token=7916,1
http://user@amazon-security.ml?session=30926,1
https://github.com/user/repository,0
https://www.facebook.com/profile.php?id=123#section202,0
https://open.spotify.com/playlist/37i9dQZF1DX,0
http://microsoft-update.work/login.php?redirect=home,1
https://stackoverflow.com/questions/12345/how-to,0
http://google-security.xyz?session=69470,1
https://facebo0k.com?session=76237,1
https://stackoverflow.com/questions/12345/how-to#section207,0
http://account-suspended.ga,1
http://netflix-billing.cf/verify/926,1
https://github.com/user/repository,0
http://192.168.1.1,0
http://netflix.payment-update.com/login.php?redirect=home,1
https://drive.google.com/drive/my-drive/page/130,0
https://www.site-with-many-hyphens.org,0
http://urgent-action-required.cf?token=6930,1
http://paypal-secure-login.tk?token=1434,1
http://paypal-secure-login.tk?token=6925,1
https://goo.gl/maps/xyz/category/item-23,0
https://developer.apple.com/documentation/category/item-33,0
https://www.paypal.com/myaccount/home/category/item-43,0
https://github.com/user/repository#section197,0
http://secure-banking.tk,1
https://www.netflix.com/browse,0
http://amazon-security.cf,1
https://www.1nstagram.com,1
http://secure-banking.tk,1
https://www.dropbox.com/home#section297,0
http://windows-security.tk?session=38893,1
http://netflix.payment-update.com/login.php?redirect=home,1
https://www.123website.com,0
https://www.facebo0k.com/security/verify?token=18392,1
https://medium.com/@author/article-title-123/category/item-68,0
https://arnaz0n.com,1
http://claim-your-prize.xyz/verify/317,1
https://www.linkedin.com/in/username?id=36&ref=search,0
https://www.example-company.com,0
https://g00gle.com/verify/796,1
https://stackoverflow.com/questions/12345/how-to/category/item-263,0
https://mail.google.com/mail/u/0/,0
http://verify@paypal.com.tk/login.php?redirect=home,1
http://google-security.xyz?session=47930,1
http://bank-verify.work?session=46421,1
https://twitter.com/user/status/123456/category/item-203,0
http://paypal.com-verify.tk/verify/801,1
http://microsoft-update.work/login.php?redirect=home,1
https://www.example-company.com/page/80,0
https://docs.microsoft.com/en-us/azure/page/60,0
https://open.spotify.com/playlist/37i9dQZF1DX/page/70,0
https://www.instagram.com/explore/#section187,0
https://docs.microsoft.com/en-us/azure/category/item-88,0
http://amaz0n-account.ga?session=24371,1
http://fb-verify-account.ga?token=8359,1
https://www.dropbox.com/files,0
https://microsoft-security-alert.com/verify?token=95180,1
https://www.facebo0k.com/security,1
https://www.whatsapp.com/download,0
http://fb-verify-account.ga?token=3504,1
http://10.0.0.1/admin,0
http://verify@paypal.com.tk/login.php?redirect=home,1
https://stackoverflow.com/questions/12345/how-to?id=11&ref=search,0
https://paypa1.com?token=9317,1
https://drive.google.com/drive/my-drive,0
http://windows-security.tk?session=44993,1
http://account-suspended.ga,1
https://www.youtube.com/watch?v=dQw4w9WgXcQ?id=261&ref=search,0
https://www.reddit.com/r/programming/comments/abc#section122,0
http://appleid-locked.xyz?token=2139,1
http://account-suspended.ga,1
https://stackoverflow.com/questions/12345/how-to/category/item-123,0
http://netflix-billing.cf/verify/369,1
https://twitter.com/user/status/123456/page/35,0
https://www.arnaz0n.com/account,1
https://g00gle.com/verify/949,1
https://secure-paypal-login.com/verify?token=42493,1
http://accounts-google.tk,1
https://www.netflix.com/browse/genre/83/category/item-293,0
http://netflix.payment-update.com/login.php?redirect=home,1
http://amaz0n-account.ga?session=56566,1
http://netflix-billing.cf/verify/703,1
http://192.168.1.1/admin/login.php?token=7304,1
http://amazon-security.cf,1
https://www.arnaz0n.com/account,1
https://www.telegram.org/apps,0
https://www.site123.com?id=166&ref=search,0
https://stackoverflow.com/questions/12345/how-to/page/235,0
https://arnaz0n.com,1
http://microsoft-update.work/login.php?redirect=home,1
https://www.app1e.com/id,1
https://stackoverflow.com/questions/12345/how-to?id=291&ref=search,0
https://stackoverflow.com/questions/12345/how-to#section67,0
http://google-security.xyz?session=81482,1
http://fb-verify-account.ga?token=6168,1
https://t.co/AbC123/page/50,0
https://g00gle.com/accounts,1
http://amaz0n-account.ga?session=36062,1
http://fb-verify-account.ga?token=4733,1
https://subdomain.subdomain.example.com?session=2403,0
https://www.appl3.com,1
https://drive.google.com/drive/my-drive/category/item-158,0
https://open.spotify.com/playlist/37i9dQZF1DX,0
https://bit.ly/3xYz/page/105,0
https://micros0ft.com/login.php?redirect=home,1
http://netflix.payment-update.com/login.php?redirect=home,1
https://paypa1.com?token=4582,1
http://192.168.1.1?session=3060,0
http://old-website.org?id=111&ref=search,0
https://www.medium.com/topics,0
http://192.168.1.1,0
https://bit.ly/2xYz3aB,0
http://accounts-google.tk,1
https://www.youtube.com/watch?v=dQw4w9WgXcQ?id=121&ref=search,0
http://192.168.0.1#section132,0
http://facebook-security.ml,1
https://www.amazon.com/product/B08N5WRWNW,0
http://localhost:8080/test,0
https://www.amazon.com/product/B08N5WRWNW,0
https://microsoft-security-alert.com,1
https://www.dropbox.com/home/category/item-213,0
https://t.co/AbC123XyZ?session=6038,0
https://www.linkedin.com/in/username,0
http://google-security.xyz?session=18326,1
https://my-secure-site.com,0
https://drive.google.com/drive/my-drive/page/270,0
https://stackoverflow.com/questions/12345/how-to,0
https://mail.google.com/mail/u/0/?id=16&ref=search,0
http://192.168.0.1/category/item-48,0
http://192.168.0.1/phpmyadmin/verify/877,1
http://netflix.payment-update.com/login.php?redirect=home,1
http://bank-verify.work?session=22280,1
https://www.facebook.com/profile.php?id=123#section62,0
https://drive.google.com/drive/my-drive/category/item-18,0
http://google-security.xyz?session=31174,1
http://windows-security.tk?session=14207,1
http://10.0.0.1/admin?session=8962,0
http://secure-paypal.ml/login.php?redirect=home,1
https://secure-paypal-login.com/verify?token=10942,1
https://www.amazon.com/product/B08N5WRWNW/category/item-283,0
http://old-website.org,0
http://facebook-security.ml,1
http://bank-verify.work?session=33416,1
http://paypal.com-verify.tk/verify/868,1
https://facebo0k.com?session=92397,1
http://claim-your-prize.xyz/verify/573,1
http://amazon-security.cf,1
https://paypa1.com/signin/verify?token=39451,1
https://www.instagram.com/explore/?id=271&ref=search,0
https://www.facebook.com/profile.php?id=123/page/90,0
http://bank-verify.work?session=52487,1
http://account-suspended.ga,1
https://my-account.service.com/page/25,0
https://t.co/AbC123#section162,0
https://www.instagram.com/explore//page/215,0
https://www.paypal.com/myaccount/home/category/item-183,0
https://open.spotify.com/playlist/37i9dQZF1DX#section42,0
https://www.netflix.com/browse/genre/83/category/item-153,0
https://www.123website.com?session=9727,0
https://micros0ft.com/login.php?redirect=home,1
https://goo.gl/maps/xyz#section107,0
https://mail.google.com/mail/u/0/?id=296&ref=search,0
https://arnaz0n.com,1
http://192.168.0.1/phpmyadmin/verify/839,1
https://www.netfl1x.com,1
https://www.linkedin.com/in/username?id=176&ref=search,0
https://micros0ft.com/login.php?redirect=home,1
https://paypa1.com?token=9179,1
https://my-secure-site.com,0
https://www.facebook.com/profile.php?id=123,0
https://www.netflix.com/browse/genre/83/page/265,0
https://www.site123.com/category/item-278,0
https://www.facebo0k.com/security/verify?token=62296,1
http://winner-notification.top/login.php?redirect=home,1
http://user@amazon-security.ml?session=44522,1
https://www.dropbox.com/home,0
https://bit.ly/3xYz,0
https://drive.google.com/drive/my-drive?id=186&ref=search,0
https://www.youtube.com/watch?v=dQw4w9WgXcQ/page/65,0
https://www.apple.com/iphone,0
https://mail.google.com/mail/u/0/#section72,0
https://my-secure-site.com,0
http://paypal-secure-login.tk?token=9797,1
http://amazon-security.cf,1
https://en.wikipedia.org/wiki/Machine_Learning?id=86&ref=search,0
http://10.0.0.1/admin?session=4470,0
https://www.wikipedia.org/wiki/Python,0
https://www.amazon.com/product/B08N5WRWNW#section87,0
https://en.wikipedia.org/wiki/Machine_Learning/category/item-198,0
https://www.youtube.com/watch?v=dQw4w9WgXcQ/category/item-233,0
http://localhost:8080/test,0
http://fb-verify-account.ga?token=2679,1
https://goo.gl/maps/xyz,0
http://fb-verify-account.ga?token=9830,1
http://bank-verify.work?session=95909,1
http://192.168.0.1/phpmyadmin/verify/316,1
https://my-account.service.com#section277,0
http://192.168.0.1?id=76&ref=search,0
http://account-suspended.ga,1
http://192.168.0.1/phpmyadmin/verify/490,1
http://verify@paypal.com.tk/login.php?redirect=home,1
https://en.wikipedia.org/wiki/Machine_Learning,0
http://winner-notification.top/login.php?redirect=home,1
https://www.youtube.com/watch?v=dQw4w9WgXcQ,0
https://www.site123.com,0
http://netflix.payment-update.com/login.php?redirect=home,1
https://bit.ly/3xYz/page/245,0
https://g00gle.com/verify/338,1
https://arnaz0n.com,1
http://secure-paypal.ml/login.php?redirect=home,1
https://www.youtube.com/watch?v=dQw4w9WgXcQ#section177,0
https://www.netfllx.com,1
http://apple.com-verify.top/verify/146,1
http://amazon-security.cf,1
https://accounts-google-verify.com/verify?token=77839,1
http://paypal-secure-login.tk?token=8517,1
https://www.app1e.com,1
https://open.spotify.com/playlist/37i9dQZF1DX#section182,0
https://www.youtube.com/watch?v=dQw4w9WgXcQ/page/205,0
https://bit.ly/2xYz3aB,0
https://paypa1.com?token=9348,1
https://www.google.com/search?q=python?id=196&ref=search,0
https://facebo0k.com?session=21915,1
https://www.dropbox.com/home?id=241&ref=search,0
http://secure-banking.tk,1
https://www.yaho0.com,1
https://www.dropbox.com/home,0
https://www.yah00.com,1
https://microsoft-security-alert.com,1
http://old-website.org?id=251&ref=search,0
http://claim-your-prize.xyz/verify/641,1
https://www.123website.com,0
http://192.168.0.1/phpmyadmin/verify/697,1
https://www.netflix.com/browse/genre/83/category/item-13,0
http://paypal-secure-login.tk?token=4598,1
http://old-legacy-system.company.internal,0
https://t.co/AbC123XyZ,0
http://claim-your-prize.xyz/verify/448,1
https://www.site123.com?id=26&ref=search,0
http://bank-verify.work?session=59735,1
https://en.wikipedia.org/wiki/Machine_Learning/page/30,0
http://claim-your-prize.xyz/verify/713,1
http://secure-banking.tk,1
https://www.dropbox.com/home/page/45,0
https://www.twltter.com,1
https://mail.google.com/mail/u/0/#section212,0
https://arnaz0n.com,1
http://secure-paypal.ml/login.php?redirect=home,1
https://medium.com/@author/article-title-123#section292,0
https://microsoft-security-alert.com/verify?token=12757,1
https://www.netfIix.com/billing,1
http://facebook-security.ml,1
https://goo.gl/maps/xyz/page/275,0
https://docs.microsoft.com/en-us/azure/category/item-228,0
https://en.wikipedia.org/wiki/Machine_Learning/page/170,0
http://verify@paypal.com.tk/login.php?redirect=home,1
https://www.google.com/search?q=python,0
http://appleid-locked.xyz?token=4432,1
https://g00gle.com/accounts/verify?token=87128,1
http://192.168.0.1/phpmyadmin/verify/704,1
http://accounts-google.tk,1
https://www.spotify.com/discover,0
https://www.amaz0n.com,1
https://www.paypal.com/myaccount/home#section267,0
http://old-website.org,0
http://localhost:8080/test,0
https://www.example-company.com/category/item-108,0
https://www.micros0ft.com/login,1
https://paypa1.com/signin,1
https://drive.google.com/drive/my-drive#section242,0
https://github.com/user/repository?id=141&ref=search,0
https://www.site-with-many-hyphens.org,0
http://account-suspended.ga,1
http://old-legacy-system.company.internal,0
https://mail.google.com/mail/u/0/,0
https://www.facebook.com/profile.php?id=123,0
http://claim-your-prize.xyz/verify/324,1
https://www.faceb00k.com,1
https://paypa1.com?token=3547,1
http://accounts-google.tk,1
http://urgent-action-required.cf?token=1009,1
http://secure-banking.tk,1
https://bit.ly/2xYz3aB,0
https://secure-paypal-login.com,1
http://account-suspended.ga,1
https://bit.ly/2xYz3aB?session=4946,0
https://t.co/AbC123XyZ?session=3103,0
https://www.micros0ft.com/login,1
http://paypal-secure-login.tk?token=1771,1
http://netflix.payment-update.com/login.php?redirect=home,1
https://www.app1e.com/id/verify?token=82603,1
https://docs.microsoft.com/en-us/azure#section32,0
https://docs.microsoft.com/en-us/azure,0
https://www.g00gle.com,1
https://www.google.com/search?q=python/page/140,0
https://g00gle.com/accounts,1
https://www.netfIix.com/billing,1
https://www.paypal.com/myaccount/home,0
https://www.reddit.com/r/programming/comments/abc?id=206&ref=search,0
https://micros0ft.com/login.php?redirect=home,1
https://www.instagram.com/explore,0
https://open.spotify.com/playlist/37i9dQZF1DX?id=266&ref=search,0
https://subdomain.subdomain.example.com,0
http://192.168.0.1?id=216&ref=search,0
https://paypa1.com/signin,1
http://microsoft-update.work/login.php?redirect=home,1
https://t.co/AbC123XyZ,0
https://www.facebook.com/profile.php?id=123?id=286&ref=search,0
https://bit.ly/3xYz/category/item-273,0
https://github.com/user/repository/category/item-113,0
http://microsoft-update.work/login.php?redirect=home,1
https://docs.microsoft.com/en-us/azure/page/200,0
https://drive.google.com/drive/my-drive?id=46&ref=search,0
https://subdomain.subdomain.example.com,0
https://bit.ly/3xYz?id=21&ref=search,0
http://secure-banking.tk,1
https://medium.com/@author/article-title-123,0
http://paypal-secure-login.tk?token=2674,1
http://paypal.com-verify.tk/verify/981,1
http://winner-notification.top/login.php?redirect=home,1
http://old-website.org#section167,0
https://www.amazom.com,1
https://medium.com/@author/article-title-123/page/40,0
http://verify@paypal.com.tk/login.php?redirect=home,1
https://en.wikipedia.org/wiki/Machine_Learning#section142,0
http://google-security.xyz?session=93227,1
https://www.stackoverflow.com/questions,0
http://localhost:8080/test,0
https://goo.gl/maps/xyz?id=191&ref=search,0
https://facebo0k.com?session=57819,1
http://microsoft-update.work/login.php?redirect=home,1
https://github.com/user/repository?id=1&ref=search,0
http://google-security.xyz?session=15695,1
https://www.site-with-many-hyphens.org?session=4923,0
http://bank-verify.work?session=28131,1
http://appleid-locked.xyz?token=3287,1
https://www.site123.com/page/110,0
http://10.0.0.1/admin,0
https://www.site-with-many-hyphens.org?session=8787,0
https://paypa1.com/signin,1
http://192.168.0.1,0
http://apple.com-verify.top/verify/467,1
https://g00gle.com/accounts,1
https://www.instaqram.com,1
http://urgent-action-required.cf?token=7924,1
https://www.facebook.com/profile.php?id=123/category/item-258,0
http://old-website.org/category/item-83,0
https://www.arnaz0n.com/account,1
http://secure-paypal.ml/login.php?redirect=home,1
https://www.google.com/search?q=python#section112,0
http://secure-banking.tk,1
https://www.app1e.com/id/verify?token=67422,1
https://www.reddit.com/r/programming/comments/abc,0
http://apple.com-verify.top/verify/352,1
http://claim-your-prize.xyz/verify/880,1
https://facebo0k.com?session=24662,1
http://amaz0n-account.ga?session=52504,1
http://appleid-locked.xyz?token=1916,1
https://www.google.com/search?q=python#section252,0
https://t.co/AbC123,0
https://paypa1.com?token=9005,1
http://windows-security.tk?session=48469,1
https://accounts-google-verify.com/verify?token=40161,1
https://www.amazon.com/product/B08N5WRWNW?id=171&ref=search,0
https://micros0ft.com/login.php?redirect=home,1
https://micros0ft.com/login.php?redirect=home,1
http://apple.com-verify.top/verify/529,1
http://windows-security.tk?session=36071,1
http://appleid-locked.xyz?token=9928,1
https://open.spotify.com/playlist/37i9dQZF1DX/page/210,0
https://g00gle.com/verify/208,1
http://192.168.0.1/phpmyadmin/verify/897,1
https://github.com/user/repository/category/item-253,0
https://github.com/user/repository#section57,0
https://medium.com/@author/article-title-123?id=236&ref=search,0
https://developer.apple.com/documentation/page/285,0
http://192.168.0.1/phpmyadmin/verify/646,1
https://mail.google.com/mail/u/0//page/240,0
http://192.168.1.1,0
http://old-website.org/category/item-223,0
https://t.co/AbC123/category/item-78,0
https://www.amazon.com/product/B08N5WRWNW/page/115,0
http://192.168.1.1/admin/login.php?token=1053,1
http://user@amazon-security.ml?session=79514,1
https://www.linkedin.com/feed,0
http://google-security.xyz?session=45093,1
https://www.site123.com/page/250,0
http://fb-verify-account.ga?token=2169,1
http://fb-verify-account.ga?token=8123,1
http://paypal-secure-login.tk?token=2824,1
http://amaz0n-account.ga?session=44973,1
http://old-legacy-system.company.internal,0
https://docs.microsoft.com/en-us/azure?id=256&ref=search,0
http://netflix-billing.cf/verify/261,1
http://verify@paypal.com.tk/login.php?redirect=home,1
https://facebo0k.com?session=91959,1
https://open.spotify.com/playlist/37i9dQZF1DX/category/item-238,0
http://claim-your-prize.xyz/verify/489,1
http://192.168.1.1/admin/login.php?token=8019,1
http://appleid-locked.xyz?token=2584,1
https://www.tiktok.com/foryou,0
http://secure-paypal.ml/login.php?redirect=home,1
http://user@amazon-security.ml?session=84341,1
https://goo.gl/maps/xyz?id=51&ref=search,0
https://my-secure-site.com,0
https://developer.apple.com/documentation/page/5,0
https://stackoverflow.com/questions/12345/how-to?id=151&ref=search,0
https://micros0ft.com/login.php?redirect=home,1
http://192.168.0.1/phpmyadmin/verify/649,1
http://appleid-locked.xyz?token=9317,1
https://www.reddit.com/r/programming/comments/abc/page/290,0
https://drive.google.com/drive/my-drive#section102,0
https://bit.ly/2xYz3aB?session=5342,0
http://bank-verify.work?session=42953,1
https://en.wikipedia.org/wiki/Machine_Learning,0
http://paypal.com-verify.tk/verify/961,1
https://www.facebo0k.com/security,1
https://www.youtube.com/watch?v=dQw4w9WgXcQ#section37,0
http://secure-paypal.ml/login.php?redirect=home,1
http://192.168.1.1/admin/login.php?token=2084,1
http://old-website.org/page/55,0
https://www.dropbox.com/home/page/185,0
https://en.wikipedia.org/wiki/Machine_Learning#section282,0
http://claim-your-prize.xyz/verify/130,1
https://t.co/AbC123/category/item-218,0
https://www.dropbox.com/home?id=101&ref=search,0
http://microsoft-update.work/login.php?redirect=home,1
https://subdomain.subdomain.example.com,0
https://microsoft-security-alert.com,1
https://www.youtube.com/watch?v=dQw4w9WgXcQ/category/item-93,0
https://developer.apple.com/documentation#section257,0
https://www.twitch.tv/directory,0
https://bit.ly/3xYz?id=161&ref=search,0
https://www.linkedin.com/in/username/category/item-8,0
https://www.facebook.com/marketplace,0
https://www.reddit.com/r/programming/comments/abc/page/150,0
https://micros0ft.com/login.php?redirect=home,1
http://secure-banking.tk,1
https://facebo0k.com?session=54118,1
https://en.wikipedia.org/wiki/Machine_Learning/category/item-58,0
http://account-suspended.ga,1
http://google-security.xyz?session=46463,1
https://my-account.service.com/category/item-53,0
http://winner-notification.top/login.php?redirect=home,1
https://www.site-with-many-hyphens.org,0
https://www.google.com/search?q=python,0
https://twitter.com/user/status/123456,0
http://urgent-action-required.cf?token=2654,1
https://paypa1.com?token=5422,1
http://microsoft-update.work/login.php?redirect=home,1
https://mail.google.com/mail/u/0//category/item-268,0
https://medium.com/@author/article-title-123#section152,0
https://www.site123.com#section82,0
http://192.168.1.1/admin/login.php?token=2307,1
https://www.paypal.com/myaccount/home,0
https://www.amazon.com/product/B08N5WRWNW/page/255,0
http://winner-notification.top/login.php?redirect=home,1
http://192.168.1.1/admin/login.php?token=9837,1
https://microsoft-security-alert.com,1
https://docs.microsoft.com/en-us/azure,0
http://amazon-security.cf,1
https://www.facebo0k.com/security,1
https://twitter.com/user/status/123456?id=91&ref=search,0
https://my-account.service.com,0
https://twitter.com/user/status/123456#section287,0
https://twitter.com/user/status/123456?id=231&ref=search,0
http://facebook-security.ml,1
http://paypal.com-verify.tk/verify/194,1
https://accounts-google-verify.com,1
http://paypal.com-verify.tk/verify/479,1
http://windows-security.tk?session=96673,1
https://bit.ly/2xYz3aB,0
https://g00gle.com/verify/755,1
http://windows-security.tk?session=28289,1
http://user@amazon-security.ml?session=40512,1
https://www.netflix.com/browse/genre/83?id=181&ref=search,0
http://10.0.0.1/admin,0
https://www.paypal.com/myaccount/home#section127,0
http://netflix-billing.cf/verify/792,1
https://www.google.com,0
http://google.com,0
https://google.com,0
https://www.facebook.com,0
https://facebook.com,0
https://www.youtube.com,0
https://youtube.com,0
https://www.twitter.com,0
https://twitter.com,0
https://www.amazon.com,0
https://amazon.com,0
https://www.wikipedia.org,0
https://wikipedia.org,0
https://www.instagram.com,0
https://instagram.com,0
https://www.linkedin.com,0
https://linkedin.com,0
https://www.netflix.com,0
https://netflix.com,0
https://www.microsoft.com,0
https://microsoft.com,0
https://www.apple.com,0
https://apple.com,0
